case,workers,metric,arm,paired_candidate_over_baseline_median,observed_min,observed_max
zh512-whitespace-v50000,4,load_seconds,prezza,0.8989366376120401,0.8989366376120401,0.8989366376120401
zh512-whitespace-v50000,4,train_seconds,prezza,1.155855957166765,1.155855957166765,1.155855957166765
zh512-whitespace-v50000,4,train_cpu_seconds,prezza,1.2163274552357684,1.2163274552357684,1.2163274552357684
zh512-whitespace-v50000,4,process_hwm_kib_before_validation,prezza,1.0270368167569235,1.0270368167569235,1.0270368167569235
zh512-whitespace-v50000,4,sampled_peak_rss_bytes,prezza,1.0277729283705246,1.0277729283705246,1.0277729283705246
zh512-whitespace-v50000,4,process_peak_rss_bytes,prezza,1.0270368167569235,1.0270368167569235,1.0270368167569235
zh512-whitespace-v100000,4,load_seconds,prezza,0.944533271925989,0.944533271925989,0.944533271925989
zh512-whitespace-v100000,4,train_seconds,prezza,1.1605558963933993,1.1605558963933993,1.1605558963933993
zh512-whitespace-v100000,4,train_cpu_seconds,prezza,1.1910431225179288,1.1910431225179288,1.1910431225179288
zh512-whitespace-v100000,4,process_hwm_kib_before_validation,prezza,0.9702396450994991,0.9702396450994991,0.9702396450994991
zh512-whitespace-v100000,4,sampled_peak_rss_bytes,prezza,0.9687824537801881,0.9687824537801881,0.9687824537801881
zh512-whitespace-v100000,4,process_peak_rss_bytes,prezza,0.9700799013827245,0.9700799013827245,0.9700799013827245
