case,workers,metric,arm,paired_candidate_over_baseline_median,observed_min,observed_max
zh256-whitespace-v50000,4,load_seconds,pipeline,0.9909575435413627,0.9837722374068533,1.0033170487650913
zh256-whitespace-v50000,4,load_seconds,sortcount,0.9999374268876366,0.9570583177356199,1.0157483418119946
zh256-whitespace-v50000,4,train_seconds,pipeline,1.0226457094928336,0.9751470252412937,1.0286758208057245
zh256-whitespace-v50000,4,train_seconds,sortcount,1.0042132196454963,1.003300676910892,1.024662294690444
zh256-whitespace-v50000,4,train_cpu_seconds,pipeline,0.9993678933511925,0.9842764040232377,1.0035399107879945
zh256-whitespace-v50000,4,train_cpu_seconds,sortcount,1.0034259206593446,1.0002529221942553,1.0049593634130884
zh256-whitespace-v50000,4,process_hwm_kib_before_validation,pipeline,1.004538943815454,0.9985027288973323,1.0075695828659506
zh256-whitespace-v50000,4,process_hwm_kib_before_validation,sortcount,0.9995238748517152,0.9972013373475225,1.001453859445921
zh256-whitespace-v50000,4,sampled_peak_rss_bytes,pipeline,1.0045513164965072,0.9983449615210259,1.0076888735894318
zh256-whitespace-v50000,4,sampled_peak_rss_bytes,sortcount,0.9995723921298637,0.9970600937229246,1.0014615797958086
zh256-whitespace-v50000,4,process_peak_rss_bytes,pipeline,1.0045513164965072,0.9983449615210259,1.0076888735894318
zh256-whitespace-v50000,4,process_peak_rss_bytes,sortcount,0.9995723921298637,0.9970600937229246,1.0014615797958086
en256-whitespace-v50000,4,load_seconds,pipeline,1.0330642607133191,1.0196817596845031,1.0336498864814407
en256-whitespace-v50000,4,load_seconds,sortcount,0.9864811351644908,0.9436097627604243,1.0802116881890553
en256-whitespace-v50000,4,train_seconds,pipeline,1.1169232541630196,0.7876504077811649,1.266692404250753
en256-whitespace-v50000,4,train_seconds,sortcount,1.0423022613765067,0.7725790115018254,1.107160319218018
en256-whitespace-v50000,4,train_cpu_seconds,pipeline,1.044422238332156,0.8173661728213704,1.233526044994573
en256-whitespace-v50000,4,train_cpu_seconds,sortcount,1.029072617357667,0.8011422962870152,1.0730739302424157
en256-whitespace-v50000,4,process_hwm_kib_before_validation,pipeline,1.0081428804082297,0.9934517739251785,1.0331588610890357
en256-whitespace-v50000,4,process_hwm_kib_before_validation,sortcount,1.015216574526327,1.013455372557617,1.015607187449107
en256-whitespace-v50000,4,sampled_peak_rss_bytes,pipeline,1.009148907289263,0.994255804589988,1.0331104045609034
en256-whitespace-v50000,4,sampled_peak_rss_bytes,sortcount,1.016024694671856,1.013430544896393,1.0160445228722683
en256-whitespace-v50000,4,process_peak_rss_bytes,pipeline,1.0089571684490528,0.9940690247437067,1.0331588610890357
en256-whitespace-v50000,4,process_peak_rss_bytes,sortcount,1.0158338253448553,1.013455372557617,1.015851473861354
