arm,len,pattern,descriptor_bytes,live_requested,live_malloc_usable,peak_requested,allocation_calls,total_requested
ownership,3,dense,24,18,24,18,1,18
sux,3,dense,24,240,288,240,4,240
vers,3,dense,24,298,368,322,7,322
ownership,3,sparse,24,22,24,22,1,22
sux,3,sparse,24,240,288,240,4,240
vers,3,sparse,24,298,368,322,7,322
ownership,3,duplicates,24,18,24,18,1,18
sux,3,duplicates,24,240,288,240,4,240
vers,3,duplicates,24,298,368,322,7,322
ownership,8,dense,24,23,24,23,1,23
sux,8,dense,24,240,288,240,4,240
vers,8,dense,24,298,368,362,7,362
ownership,8,sparse,24,37,40,37,1,37
sux,8,sparse,24,256,288,256,4,256
vers,8,sparse,24,314,368,378,7,378
ownership,8,duplicates,24,23,24,23,1,23
sux,8,duplicates,24,240,288,240,4,240
vers,8,duplicates,24,298,368,362,7,362
ownership,32,dense,24,47,56,47,1,47
sux,32,dense,24,240,288,240,4,240
vers,32,dense,24,298,368,554,7,554
ownership,32,sparse,24,109,120,109,1,109
sux,32,sparse,24,320,352,320,4,320
vers,32,sparse,24,378,432,634,7,634
ownership,32,duplicates,24,47,56,47,1,47
sux,32,duplicates,24,240,288,240,4,240
vers,32,duplicates,24,298,368,554,7,554
ownership,128,dense,24,143,152,143,1,143
sux,128,dense,24,264,304,264,4,264
vers,128,dense,24,330,384,1354,8,1378
ownership,128,sparse,24,397,408,397,1,397
sux,128,sparse,24,576,608,576,4,576
vers,128,sparse,24,634,688,1658,8,1682
ownership,128,duplicates,24,143,152,143,1,143
sux,128,duplicates,24,256,288,256,4,256
vers,128,duplicates,24,314,368,1338,8,1354
ownership,1024,dense,24,1152,1160,1152,1,1152
sux,1024,dense,24,488,528,488,4,488
vers,1024,dense,24,784,832,8976,8,9168
ownership,1024,sparse,24,3184,3192,3184,1,3184
sux,1024,sparse,24,3032,3056,3032,4,3032
vers,1024,sparse,24,3328,3376,11520,8,11768
ownership,1024,duplicates,24,1152,1160,1152,1,1152
sux,1024,duplicates,24,368,400,368,4,368
vers,1024,duplicates,24,654,704,8846,8,8974
ownership,65536,dense,24,73224,73224,73224,1,73224
sux,65536,dense,24,17696,17728,17696,4,17696
vers,65536,dense,24,33706,33728,557994,10,570474
ownership,65536,sparse,24,203272,203272,203272,1,203272
sux,65536,sparse,24,180776,180800,180776,4,180776
vers,65536,sparse,24,196918,196944,721206,10,737398
ownership,65536,duplicates,24,73224,73224,73224,1,73224
sux,65536,duplicates,24,9512,9536,9512,4,9512
vers,65536,duplicates,24,25354,25376,549642,10,558026
