case,family,round,run_id,arm,train_ms,elapsed_ms,initial_posting_install_ms,fused_prepare_ms,commit_ms,stream_bytes,directory_bytes,logical_restart_groups,posting_allocation_bytes,initial_heap_bytes,initial_corpus_bytes,initial_pair_table_bytes,initial_block_table_bytes,initial_edges,vmhwm_bytes,sampled_rss_bytes,sampled_vmswap_bytes,min_memavailable_bytes,process_sample_count,process_utime_first_last_ticks,process_stime_first_last_ticks,first_sample_after_start_s,last_sample_before_exit_s,host_busy_pct,host_steal_pct,host_loadavg_start,host_loadavg_end
zh-32m-ranked,ranked_single_shard_wikipedia,A,zh-32m-ranked-rA-flat,flat,1852.3671040000002,2176.259246,91.65240399999999,781.8553720000014,408.3951740000004,47842480,0,0,47842480,4003480,51910572,34603072,136,12704752,293142528,293142528,0,7544418304,88,473,69,0.10106619098223746,0.025321185996290296,51.729004940014114,0.0,1.81 1.75 1.27,1.74 1.74 1.26
zh-32m-ranked,ranked_single_shard_wikipedia,A,zh-32m-ranked-rA-old_g128,old_g128,2179.774316,2504.819875,191.21904500000002,806.3867089999994,525.090329000001,38769894,3458304,556280,42228198,4003480,52087048,34603072,36864,12704752,305885184,305885184,0,7448244224,101,521,90,0.10523107601329684,0.02532509301090613,47.423312883435585,0.0,1.74 1.74 1.26,1.74 1.74 1.26
zh-32m-ranked,ranked_single_shard_wikipedia,A,zh-32m-ranked-rA-candidate,candidate,1978.9244869999998,2262.708784,156.75465899999998,751.3264880000004,462.0801580000005,38769894,3458304,556280,42228198,4003480,52087048,34603072,36864,12704752,304373760,304373760,0,7513694208,93,513,85,0.11217163200490177,0.025367209047544748,44.52506596306068,0.0,1.74 1.74 1.26,1.92 1.77 1.28
zh-32m-ranked,ranked_single_shard_wikipedia,B,zh-32m-ranked-rB-candidate,candidate,2073.6270329999998,2396.947545,158.64372400000002,822.612268,478.0242279999989,38769894,3458304,556280,42228198,4003480,52087048,34603072,36864,12704752,302493696,302493696,0,7514009600,97,529,94,0.1103935560095124,0.02539014699868858,45.483870967741936,0.06451612903225806,1.92 1.77 1.28,1.92 1.77 1.28
zh-32m-ranked,ranked_single_shard_wikipedia,B,zh-32m-ranked-rB-old_g128,old_g128,1964.3380980000004,2286.8867210000003,158.639692,755.510897,457.4335970000005,38769894,3458304,556280,42228198,4003480,52087048,34603072,36864,12704752,303132672,303132672,0,7484440576,93,511,89,0.11159802204929292,0.025303896982222795,43.2,0.0,1.92 1.77 1.28,2.09 1.81 1.29
zh-32m-ranked,ranked_single_shard_wikipedia,B,zh-32m-ranked-rB-flat,flat,1996.994547,2277.04342,106.326098,857.3410620000004,426.3587939999995,47842480,0,0,47842480,4003480,51910572,34603072,136,12704752,293789696,293789696,0,7481344000,91,483,88,0.10095755400834605,0.025382714986335486,53.06122448979592,0.06802721088435375,2.09 1.81 1.29,2.09 1.81 1.29
zh-512m-legacy-pressure,legacy_gb_corpus_shard_order,A,zh-512m-legacy-pressure-rA-flat,flat,18909.3358,22637.030475,1521.690846,7142.346517999988,4783.470163999991,802967868,0,0,802967868,21580136,824527372,138412096,136,203230114,3582259200,3576467456,0,4265979904,916,5391,709,1.6861580109689385,0.02565185900311917,47.610921501706486,0.013126804935678657,2.08 1.81 1.30,2.06 1.83 1.32
zh-512m-legacy-pressure,legacy_gb_corpus_shard_order,A,zh-512m-legacy-pressure-rA-old_g128,old_g128,21619.344165000002,25432.905762000002,2380.8518679999997,6348.363094999997,6642.309334,738442780,30384232,3934053,768827012,21580136,826772048,138412096,589824,203230114,3728596992,3728596992,0,4261306368,1049,6056,620,1.7300710860290565,0.02538241003639996,45.690202644189135,0.01732001616534842,2.06 1.83 1.32,2.23 1.89 1.36
zh-512m-legacy-pressure,legacy_gb_corpus_shard_order,A,zh-512m-legacy-pressure-rA-candidate,candidate,21096.656367000003,24996.966735,2345.0324330000003,6303.949372000007,6149.288887999995,738442780,30384232,3934053,768827012,21580136,826772048,138412096,589824,203230114,3741601792,3741601792,0,4056096768,1019,5945,573,1.780359746015165,0.025397039018571377,45.99016063066801,0.017781992768656274,2.23 1.89 1.36,2.45 1.98 1.40
zh-512m-legacy-pressure,legacy_gb_corpus_shard_order,B,zh-512m-legacy-pressure-rB-candidate,candidate,20626.08666,24657.464949,2300.219666,6233.687309000005,6315.80272000001,738442780,30384232,3934053,768827012,21580136,826772048,138412096,589824,203230114,3720634368,3720634368,0,4283846656,1015,5958,552,1.6775206690072082,0.025267786986660212,44.662113587347235,0.017972681524083392,2.45 1.98 1.40,2.49 2.05 1.44
zh-512m-legacy-pressure,legacy_gb_corpus_shard_order,B,zh-512m-legacy-pressure-rB-old_g128,old_g128,20037.035835000002,23915.306548,2181.533715,5841.376822999991,5999.819276000006,738442780,30384232,3934053,768827012,21580136,826772048,138412096,589824,203230114,3735461888,3735461888,0,3928743936,968,5708,545,1.656249362975359,0.02529434795724228,50.14932802389249,0.024888003982080638,2.49 2.05 1.44,3.56 2.33 1.56
zh-512m-legacy-pressure,legacy_gb_corpus_shard_order,B,zh-512m-legacy-pressure-rB-flat,flat,19624.945785,23347.638895,1252.069637,7638.350059000006,5542.324119000017,802967868,0,0,802967868,21580136,824527372,138412096,136,203230114,3595747328,3582074880,0,4108722176,951,5693,544,1.6434658599901013,0.025371503026690334,50.08307770961145,0.02556237218813906,3.35 2.31 1.55,4.62 2.68 1.69
