arm,domain,groups_per_side,live_bytes,published_bytes,retained_bytes,unreleased_bytes
baseline,50000,24,405696,405696,401088,0
baseline,1000000,24,8005696,8005696,8001088,0
baseline,50000,10000,3283648,3283648,924352,0
sparsley,50000,24,405026,409634,405026,0
sparsley,1000000,24,8006882,8011490,8006882,0
sparsley,50000,10000,2890530,5249826,2890530,0
xsparseset,50000,24,805184,809792,805184,0
xsparseset,1000000,24,16005184,16009792,16005184,0
xsparseset,50000,10000,3421504,5780800,3421504,0
bevy,50000,24,804928,809536,804928,0
bevy,1000000,24,16004928,16009536,16004928,0
bevy,50000,10000,3290432,5649728,3290432,0
cranelift,50000,24,405184,409792,405184,0
cranelift,1000000,24,8005184,8009792,8005184,0
cranelift,50000,10000,3021504,5380800,3021504,0
indexmap,50000,24,5600,10208,5600,0
indexmap,1000000,24,5600,10208,5600,0
indexmap,50000,10000,2818144,5177440,2818144,0
